delete from memberships;
delete from membershipsendingreasons;
delete from characterspics;
delete from charactersnames;
delete from characters;
insert into membershipsendingreasons (id_endingreason, description) values (1, 'Death');
insert into membershipsendingreasons (id_endingreason, description) values (2, 'Expel');
insert into membershipsendingreasons (id_endingreason, description) values (3, 'Quit');
insert into membershipsendingreasons (id_endingreason, description) values (4, 'Reboot');
insert into characters (id_character, real_name, year_first_appearance, link_wikipedia) values (1, 'Rokk Krinn', 1958, 'https://en.wikipedia.org/wiki/Cosmic_Boy');
insert into characters (id_character, real_name, year_first_appearance, link_wikipedia) values (2, 'Imra Ardeen', 1958, 'https://en.wikipedia.org/wiki/Saturn_Girl');
insert into characters (id_character, real_name, year_first_appearance, link_wikipedia) values (3, 'Garth Ranzz', 1958, 'https://en.wikipedia.org/wiki/Garth_Ranzz');
insert into characters (id_character, real_name, year_first_appearance, link_wikipedia) values (4, 'Kal-El', 1945, 'https://en.wikipedia.org/wiki/Superboy#Clark_Kent');
insert into charactersnames (id_character, name, year) values (1, 'Cosmic Boy', 1958);
insert into charactersnames (id_character, name, year) values (2, 'Saturn Girl', 1958);
insert into charactersnames (id_character, name, year) values (3, 'Lightning Boy', 1958);
insert into charactersnames (id_character, name, year) values (3, 'Lightning Lad', 1959);
insert into charactersnames (id_character, name, year) values (4, 'Superboy', 1958);
insert into characterspics(id_character, year, pic) values (1, 1958, 'cosmicboy_small_1958.png');
insert into characterspics(id_character, year, pic) values (1, 1959, 'cosmicboy_small_1959.png');
insert into characterspics(id_character, year, pic) values (3, 1958, 'lightningboy_small_1958.png');
insert into characterspics(id_character, year, pic) values (3, 1959, 'lightninglad_small_1959.png');
insert into characterspics(id_character, year, pic) values (2, 1958, 'saturngirl_small_1958.png');
insert into characterspics(id_character, year, pic) values (2, 1959, 'saturngirl_small_1959.png');
insert into characterspics(id_character, year, pic) values (4, 1958, 'superboy_small_1958.png');
insert into memberships (id_character, year_initial, year_final, id_endingreason) values (1, 1958, null, null);
insert into memberships (id_character, year_initial, year_final, id_endingreason) values (2, 1958, null, null);
insert into memberships (id_character, year_initial, year_final, id_endingreason) values (3, 1958, null, null);
insert into memberships (id_character, year_initial, year_final, id_endingreason) values (4, 1958, null, null);